True Label,Predicted Label,y_score
0,1,0.6550099849700928
0,0,0.022603308781981468
1,0,0.4052523076534271
0,0,0.09582679718732834
0,0,0.3307192921638489
1,0,0.4997161030769348
0,0,0.2683776915073395
0,0,0.33402833342552185
0,0,0.3185160458087921
0,0,0.2257804423570633
0,0,0.14578364789485931
0,0,0.11835907399654388
0,0,0.39064857363700867
0,0,0.002893783850595355
0,0,0.37981823086738586
0,0,0.33485251665115356
0,0,0.24962934851646423
0,0,0.15284742414951324
0,0,0.1657826155424118
0,0,0.01015437301248312
0,0,0.18651606142520905
0,0,0.3340238630771637
0,0,7.846852236991636e-14
1,1,0.9350904822349548
0,0,0.11650976538658142
0,0,0.06300650537014008
0,0,0.010517300106585026
0,0,0.23204514384269714
0,0,0.24064403772354126
0,0,0.0031046809162944555
0,0,0.215402290225029
1,0,0.3340238630771637
0,0,0.3340238630771637
0,0,0.323169082403183
1,0,0.403411328792572
0,0,0.3340238630771637
0,0,0.3340238630771637
0,0,0.10979188978672028
0,0,0.33490118384361267
1,0,0.2353346347808838
1,0,0.4267648756504059
1,1,0.8852927088737488
0,0,0.20390962064266205
1,0,0.3817306458950043
0,0,0.04432039335370064
0,0,0.3648560047149658
0,0,0.14934590458869934
0,0,0.016297226771712303
0,0,0.15999695658683777
1,0,0.03204846754670143
0,0,0.0740591362118721
0,0,0.20959597826004028
0,0,0.02859785594046116
1,0,0.37285315990448
0,0,0.11475466936826706
0,0,0.23183172941207886
0,0,0.3319520354270935
1,1,0.6168659329414368
0,0,0.08802176266908646
0,0,0.06994713097810745
0,0,0.4643818140029907
0,0,0.37234362959861755
1,0,0.3865063786506653
0,0,0.3340238630771637
1,1,0.4997503161430359
0,0,0.2620149254798889
0,0,0.00889788568019867
0,0,0.3644965887069702
0,0,0.01996215246617794
0,0,0.11293810606002808
1,1,0.8973220586776733
1,1,0.6314027905464172
0,1,0.6966391801834106
0,0,0.1461864858865738
1,0,0.10927973687648773
0,0,0.2910793125629425
1,1,0.8787757754325867
1,1,0.881462574005127
0,0,0.2991522252559662
0,0,0.3765907287597656
1,0,0.2567939758300781
0,0,0.27754056453704834
1,0,0.29390186071395874
1,1,0.730576753616333
0,0,0.32858121395111084
0,0,0.37680283188819885
0,0,0.01288957055658102
0,0,0.06125801056623459
0,0,0.1131889671087265
0,0,0.2051270455121994
0,0,0.397806316614151
1,0,0.27435535192489624
0,0,0.17219507694244385
0,0,0.31095489859580994
1,0,0.20810580253601074
0,1,0.9047310948371887
0,0,0.13455915451049805
0,0,4.366237078556878e-07
0,0,0.0006413115770556033
0,0,0.23639962077140808
1,1,0.7726256251335144
0,0,0.061051659286022186
1,1,0.6760537028312683
0,0,0.08416052907705307
0,0,0.36952680349349976
1,1,0.7895774245262146
0,0,0.26252996921539307
0,0,0.11907806247472763
0,0,0.39672908186912537
1,1,0.9346027970314026
0,0,0.22751030325889587
0,0,0.11629520356655121
0,0,0.07355717569589615
0,0,0.15954118967056274
0,0,0.10015809535980225
0,0,0.27885058522224426
1,0,0.0844351276755333
0,0,0.16159921884536743
1,0,0.28498679399490356
0,0,0.3780839145183563
0,0,0.2716308832168579
0,0,0.36162441968917847
0,0,0.022656047716736794
0,0,0.05640549212694168
0,0,0.12946468591690063
1,0,0.48740676045417786
0,0,0.2935905158519745
1,1,0.539222776889801
1,0,0.17753948271274567
1,1,0.7211182713508606
0,0,0.08090981096029282
0,0,0.03269766643643379
0,0,0.1571025848388672
1,0,0.40862834453582764
0,0,0.20977988839149475
0,0,0.10163719207048416
1,1,0.5136958360671997
0,0,0.46584537625312805
0,0,0.06644788384437561
1,0,0.3340238630771637
0,0,0.05877341330051422
0,0,0.1542259007692337
0,0,0.10398199409246445
0,0,0.05049114674329758
0,0,0.37954285740852356
0,0,0.35004177689552307
0,0,0.054302748292684555
0,1,0.6435859203338623
0,0,0.3340238630771637
1,1,0.8282066583633423
1,0,0.1639806181192398
0,0,0.23272298276424408
1,1,0.7361619472503662
0,0,0.18798115849494934
0,0,0.3340238630771637
0,0,0.004888470284640789
0,0,0.026811180636286736
0,0,0.2583962678909302
0,0,0.2584725022315979
1,0,0.3340238630771637
1,1,0.780247688293457
0,0,0.21284757554531097
0,0,0.031659744679927826
0,0,0.10625151544809341
1,0,0.05078587308526039
1,0,0.22558604180812836
1,0,0.3340238630771637
1,1,0.829670786857605
0,0,0.3162890672683716
0,0,0.13510088622570038
0,0,0.028478218242526054
0,0,0.06910939514636993
0,0,0.04590805247426033
0,0,0.010190400294959545
1,0,0.3340238630771637
1,0,0.2874904274940491
1,0,0.3119620680809021
1,1,0.5610687136650085
1,0,0.3340238630771637
0,0,0.19236132502555847
1,1,0.7072348594665527
1,0,0.32588428258895874
1,0,0.2604604959487915
0,0,0.33038321137428284
0,0,0.38039788603782654
0,0,0.07698718458414078
0,0,0.08217860013246536
1,0,0.3340238630771637
0,0,0.45073220133781433
0,0,0.05026201158761978
0,0,0.3780839145183563
0,0,0.20051804184913635
0,0,0.3340238630771637
1,1,0.7419853806495667
1,1,0.597036600112915
0,0,0.29806020855903625
0,0,0.26394641399383545
0,0,0.16529417037963867
0,0,0.04384119063615799
1,0,0.3186294436454773
0,0,0.33601996302604675
0,0,0.07006137818098068
0,0,0.1273738592863083
0,0,0.30749762058258057
0,0,0.26102712750434875
0,0,7.872643550399516e-07
0,0,0.18720653653144836
0,0,0.24165141582489014
0,0,0.046568162739276886
0,0,0.11564110219478607
0,0,0.3404797613620758
0,0,0.2615349590778351
0,0,0.009172612801194191
0,0,0.2537817060947418
0,0,0.13726714253425598
0,0,0.05758963152766228
0,0,0.25166183710098267
0,0,0.45727676153182983
0,0,0.07406659424304962
0,0,0.11952177435159683
0,0,0.10550980269908905
1,0,0.0734429806470871
0,1,0.9330263137817383
0,0,0.026549050584435463
1,0,0.2332054227590561
0,0,0.19114330410957336
0,0,0.3128213882446289
0,0,0.26466110348701477
1,0,0.12749777734279633
0,0,0.33061230182647705
0,0,0.188008114695549
1,0,0.2711731791496277
0,0,0.1344108283519745
0,0,0.3346937298774719
1,0,0.04787720367312431
0,0,0.24273258447647095
1,1,0.995806097984314
1,1,0.8522558808326721
0,0,0.23043511807918549
0,0,0.3344848155975342
1,0,0.14894741773605347
0,0,0.20605744421482086
1,0,0.20406480133533478
0,0,0.06587374210357666
0,0,0.20333415269851685
0,0,0.3420182168483734
0,0,0.010282047092914581
1,0,0.2358533889055252
0,0,0.05945181846618652
0,0,0.3449172079563141
1,1,0.5655120611190796
1,1,0.615724503993988
0,0,0.24414637684822083
0,0,0.2413097470998764
0,0,0.21587026119232178
0,0,0.005046703387051821
0,0,0.07840818911790848
0,0,0.0006856194231659174
0,0,0.011263451538980007
0,0,0.12380983680486679
0,0,0.06516560912132263
1,1,0.6278607845306396
0,0,0.24297811090946198
0,0,0.1121593788266182
0,0,0.07012715190649033
1,0,0.40981876850128174
0,0,0.0741879791021347
0,0,0.15517300367355347
0,0,0.27897271513938904
0,0,0.20370541512966156
0,0,0.4230043590068817
0,0,0.07423418015241623
0,0,0.3142732083797455
1,1,0.5954180359840393
0,0,0.05679455026984215
0,0,0.12948545813560486
1,1,0.6164576411247253
0,0,0.08425471186637878
0,0,0.3563705384731293
0,0,0.15173764526844025
1,0,0.33504217863082886
1,0,0.3210239112377167
1,1,0.5875357985496521
1,1,0.891385018825531
0,0,0.33831965923309326
0,0,0.3340238630771637
1,1,0.8547610640525818
0,0,0.03027927502989769
1,0,0.32001906633377075
0,0,0.0830872431397438
0,0,0.03736203908920288
0,0,0.3340238630771637
0,0,0.12341556698083878
0,0,0.16533289849758148
0,0,0.14803700149059296
0,0,0.16941416263580322
0,0,0.31766477227211
0,0,0.3340238630771637
0,0,0.24165141582489014
0,0,0.014234262518584728
0,0,0.19334594905376434
0,0,0.0054283589124679565
0,0,0.047056034207344055
0,0,0.4222763478755951
0,0,0.21358630061149597
0,0,0.04439511522650719
0,0,0.17341890931129456
0,0,0.133741095662117
0,0,0.04834355041384697
0,0,0.09019578248262405
1,1,0.7188464403152466
0,0,0.09547773748636246
0,0,0.22159801423549652
0,0,0.24154362082481384
1,0,0.16374045610427856
0,0,0.36797451972961426
0,1,0.5325600504875183
0,0,0.017761893570423126
0,0,0.30666783452033997
0,0,0.022304046899080276
1,0,0.22136642038822174
1,0,0.0031189466826617718
0,0,0.048684339970350266
0,0,0.37786173820495605
0,0,0.0198865607380867
0,0,0.009097488597035408
0,0,0.29645872116088867
1,0,0.4223374128341675
1,0,0.2829873859882355
1,1,0.8379102945327759
0,0,0.21996229887008667
0,0,0.23314784467220306
1,1,0.5358055830001831
0,0,0.006784141529351473
0,0,0.3019025921821594
1,0,0.30237138271331787
0,0,0.057741060853004456
0,0,0.3348931670188904
0,0,0.08489187806844711
0,0,0.33577200770378113
1,0,0.3340238630771637
0,0,0.20971448719501495
0,0,0.07439480721950531
0,0,0.0002947032917290926
1,0,0.3227503299713135
1,0,0.3340238630771637
0,0,0.06567390263080597
0,0,0.4261894226074219
0,1,0.794632077217102
1,0,0.2586935758590698
0,0,0.15825995802879333
0,0,0.052483465522527695
0,0,0.2595583498477936
0,0,0.3011291027069092
0,0,0.008273373357951641
1,0,0.25688087940216064
0,0,0.2024800032377243
0,0,0.44641464948654175
0,0,0.06749138981103897
1,1,0.5697371959686279
0,0,0.04981646686792374
0,0,0.27062779664993286
0,0,0.07530774921178818
0,1,0.7354206442832947
1,1,0.9795050024986267
1,1,0.8646630644798279
1,0,0.37921062111854553
1,1,0.6132420897483826
0,0,0.3340238630771637
0,1,0.7428162097930908
0,0,0.29133543372154236
1,0,0.05520452931523323
0,0,0.3340238630771637
0,0,0.08710566908121109
0,0,0.30761492252349854
0,0,0.026982713490724564
0,0,0.05944230780005455
0,0,0.2311592698097229
0,0,0.023099130019545555
0,0,0.05709758773446083
0,0,0.3784727454185486
0,0,0.30884024500846863
0,0,0.23731906712055206
0,0,0.047846145927906036
0,0,0.05400965362787247
0,0,0.1154528334736824
0,0,0.4863589406013489
0,0,0.21850398182868958
1,0,0.3387826681137085
1,1,0.8822481036186218
0,0,0.1751711219549179
0,0,0.07031041383743286
0,0,0.09225912392139435
1,1,0.9024110436439514
0,0,0.3340238630771637
1,1,0.8761467337608337
0,0,0.23774513602256775
0,0,0.2603607177734375
0,0,0.06419298052787781
0,0,0.09419821202754974
0,1,0.6570829153060913
1,1,0.7904891967773438
1,1,0.558972954750061
1,1,0.6322904825210571
0,0,0.10349307954311371
0,0,0.2723933756351471
0,0,0.11077328771352768
0,0,0.3393268883228302
0,0,1.642976531002205e-05
0,0,0.09649188071489334
1,0,0.06359335780143738
0,0,0.12419268488883972
0,0,0.01587040163576603
0,0,0.08365222066640854
0,0,0.10839978605508804
0,1,0.6748812794685364
1,0,0.04575584828853607
1,0,0.26728948950767517
0,0,0.08144712448120117
0,0,0.19408586621284485
0,0,0.00021963022300042212
0,0,0.34975335001945496
0,0,0.4893439710140228
0,1,0.7575312852859497
0,0,0.21035435795783997
0,0,0.3788018524646759
0,0,0.34068113565444946
0,0,0.18062658607959747
0,0,0.0811161920428276
0,0,0.2625936269760132
1,1,0.7815660834312439
0,0,0.09390390664339066
0,0,0.30603843927383423
1,1,0.8534074425697327
0,0,0.18802717328071594
0,0,0.19308027625083923
1,0,0.1983613818883896
0,0,0.32691100239753723
0,0,6.633565696745336e-09
1,0,0.3458397686481476
0,0,0.00011301205086056143
1,0,0.1707986742258072
1,0,0.05466293543577194
0,0,8.588861237512901e-05
0,0,0.2444336712360382
0,0,0.19702903926372528
1,1,0.8579034209251404
1,1,0.9326848983764648
0,0,0.22165058553218842
0,0,0.34965625405311584
1,1,0.6687526106834412
1,0,0.07278542965650558
0,0,0.1980767399072647
1,0,0.19189444184303284
0,0,0.3794393241405487
0,0,0.27893930673599243
0,0,0.3614923655986786
1,1,0.7983641028404236
0,0,0.1872648000717163
0,0,0.24700036644935608
0,0,0.43625569343566895
1,1,0.6630393862724304
0,0,0.29391077160835266
0,0,0.17434057593345642
0,0,0.08705485612154007
0,0,0.022322777658700943
0,0,0.3340238630771637
1,0,0.00032155794906429946
0,0,0.03594548627734184
0,0,0.05917922779917717
0,0,0.1508740931749344
0,0,0.11653445661067963
1,1,0.9338856339454651
0,1,0.6721500158309937
0,0,0.08391086757183075
0,0,0.021638335660099983
1,1,0.6154032945632935
0,0,0.02875261753797531
0,0,0.14812281727790833
1,1,0.7608857750892639
0,0,0.04199680685997009
0,0,0.054089490324258804
0,0,0.1765938252210617
0,0,0.057926714420318604
0,0,0.16607433557510376
1,0,0.3340238630771637
1,0,0.12749777734279633
0,0,0.3345337212085724
0,0,0.3340238630771637
1,0,0.37026020884513855
1,0,0.19466346502304077
0,0,0.018705453723669052
0,0,0.034067485481500626
0,0,0.3340238630771637
0,0,0.001198349753394723
0,0,0.3340238630771637
0,0,0.3608836829662323
1,0,0.36578208208084106
0,0,0.06790604442358017
0,0,0.0959639772772789
0,0,0.26144617795944214
0,0,0.2883700728416443
1,1,0.5953862071037292
0,0,0.10860971361398697
0,0,0.02974330075085163
0,0,0.3340238630771637
0,0,0.1575353592634201
1,0,0.3340238630771637
0,0,0.30459830164909363
0,0,0.3340238630771637
0,0,0.24540512263774872
0,0,0.12882305681705475
1,0,0.46839800477027893
1,0,0.3609737157821655
1,1,0.5251091122627258
1,0,0.257038414478302
0,0,0.06249335780739784
1,0,0.09472554922103882
0,0,0.1375766545534134
1,1,0.9606369137763977
0,0,0.1767057478427887
1,1,0.7773192524909973
1,1,0.5284276604652405
0,0,0.3503289818763733
1,0,0.3340238630771637
0,0,0.00012968065857421607
0,0,0.2636811137199402
1,0,0.14318689703941345
0,0,0.3063826262950897
1,0,0.21962830424308777
0,0,0.007348483428359032
0,0,0.14086031913757324
0,0,0.184912770986557
0,0,0.2935844361782074
0,0,0.1677830070257187
0,0,0.06438615918159485
0,0,0.09615519642829895
1,0,0.42414796352386475
0,0,0.050931088626384735
1,0,0.32636818289756775
0,0,0.09330073744058609
0,0,0.03138905391097069
1,1,0.5652424097061157
0,0,0.0498378612101078
0,0,0.007172469515353441
0,0,0.059135112911462784
0,0,0.3018720746040344
1,1,0.9039028286933899
0,0,0.1722467541694641
0,0,0.09019740670919418
0,1,0.932915985584259
0,0,0.17292194068431854
1,1,0.6032179594039917
1,1,0.9071272015571594
0,0,8.51310178404674e-05
0,0,0.18235065042972565
1,0,0.24387229979038239
1,0,0.3950968086719513
0,0,0.026555221527814865
0,0,0.10947497934103012
